"Botanical_Class","Species","Rank","N_Cores","Mean","Variance","SD","CV","Mean_Inf","Mean_Sup","Mean_CI95","Mean_Precision","SD_Inf","SD_Sup","SD_CI95","SD_Precision","SW_p","JB_p","Normality"
"Broadleaf","Quercus robur",1,12778,622.5,4429.6,66.6,10.7,621.3,623.6,2.3,"0-5 kg.m-3",65.7,67.4,1.6,"0-5 kg.m-3",4e-04,0,"Rejected"
"Broadleaf","Fagus sylvatica",2,11000,604.1,2093.8,45.8,7.6,603.2,604.9,1.7,"0-5 kg.m-3",45.2,46.4,1.2,"0-5 kg.m-3",0,0,"Rejected"
"Broadleaf","Quercus petraea",3,10818,642.7,4933.9,70.2,10.9,641.3,644,2.6,"0-5 kg.m-3",69.3,71.2,1.9,"0-5 kg.m-3",0.0052,0,"Rejected"
"Broadleaf","Carpinus betulus",4,7593,619.8,1624.9,40.3,6.5,618.9,620.7,1.8,"0-5 kg.m-3",39.7,41,1.3,"0-5 kg.m-3",0,0,"Rejected"
"Broadleaf","Castanea sativa",5,5454,505.3,3251.7,57,11.3,503.8,506.8,3,"0-5 kg.m-3",56,58.1,2.1,"0-5 kg.m-3",0,0,"Rejected"
"Conifer","Abies alba",6,5360,420.6,2108.7,45.9,10.9,419.4,421.8,2.5,"0-5 kg.m-3",45.1,46.8,1.7,"0-5 kg.m-3",0,0,"Rejected"
"Broadleaf","Quercus pubescens",7,5340,704.5,4774.7,69.1,9.8,702.6,706.3,3.7,"0-5 kg.m-3",67.8,70.4,2.6,"0-5 kg.m-3",0,0,"Rejected"
"Broadleaf","Fraxinus excelsior",8,4991,592.3,3252.1,57,9.6,590.7,593.9,3.2,"0-5 kg.m-3",55.9,58.2,2.2,"0-5 kg.m-3",0,0,"Rejected"
"Conifer","Pinus sylvestris",9,4757,457.8,2938.5,54.2,11.8,456.2,459.3,3.1,"0-5 kg.m-3",53.1,55.3,2.2,"0-5 kg.m-3",0,0,"Rejected"
"Conifer","Picea abies",10,4713,393.8,2023.8,45,11.4,392.5,395,2.6,"0-5 kg.m-3",44.1,45.9,1.8,"0-5 kg.m-3",0,0,"Rejected"
"Conifer","Pinus pinaster",11,3461,445.7,3368.6,58,13,443.8,447.6,3.9,"0-5 kg.m-3",56.7,59.4,2.7,"0-5 kg.m-3",0,0,"Rejected"
"Conifer","Pseudotsuga menziesii",12,2821,461.8,2431.8,49.3,10.7,460,463.7,3.6,"0-5 kg.m-3",48.1,50.6,2.6,"0-5 kg.m-3",0,0,"Rejected"
"Broadleaf","Betula pendula",13,2629,542.1,3033.1,55.1,10.2,540,544.2,4.2,"0-5 kg.m-3",53.6,56.6,3,"0-5 kg.m-3",0.0341,0.1334,"Accepted"
"Broadleaf","Acer campestre",14,2089,575.5,1856.5,43.1,7.5,573.7,577.4,3.7,"0-5 kg.m-3",41.8,44.4,2.6,"0-5 kg.m-3",0,0,"Rejected"
"Broadleaf","Prunus avium",15,1855,531.5,2195.8,46.9,8.8,529.4,533.6,4.3,"0-5 kg.m-3",45.4,48.4,3,"0-5 kg.m-3",0,0,"Rejected"
"Broadleaf","Acer pseudoplatanus",16,1762,531.4,2411.4,49.1,9.2,529.1,533.7,4.6,"0-5 kg.m-3",47.5,50.8,3.2,"0-5 kg.m-3",0,0,"Rejected"
"Broadleaf","Robinia pseudoacacia",17,1437,642,4370.4,66.1,10.3,638.6,645.5,6.8,"5-10 kg.m-3",63.8,68.6,4.8,"0-5 kg.m-3",4e-04,0,"Rejected"
"Broadleaf","Corylus avellana",18,1377,537.2,1845.7,43,8,535,539.5,4.5,"0-5 kg.m-3",41.4,44.6,3.2,"0-5 kg.m-3",0,0,"Rejected"
"Broadleaf","Populus tremula",19,1367,474.8,2736,52.3,11,472,477.6,5.6,"5-10 kg.m-3",50.4,54.3,3.9,"0-5 kg.m-3",0,0,"Rejected"
"Broadleaf","Quercus ilex",20,1259,849.7,5172.1,71.9,8.5,845.7,853.7,8,"5-10 kg.m-3",69.2,74.8,5.6,"5-10 kg.m-3",0,0,"Rejected"
"Broadleaf","Alnus glutinosa",21,1152,459.2,1972.2,44.4,9.7,456.7,461.8,5.1,"5-10 kg.m-3",42.7,46.3,3.6,"0-5 kg.m-3",0,0,"Rejected"
"Broadleaf","Salix caprea",22,1083,496.3,2572.4,50.7,10.2,493.2,499.3,6,"5-10 kg.m-3",48.7,52.9,4.3,"0-5 kg.m-3",0,0,"Rejected"
"Broadleaf","Crataegus monogyna",23,1078,627.5,2318.3,48.1,7.7,624.7,630.4,5.8,"5-10 kg.m-3",46.2,50.3,4.1,"0-5 kg.m-3",0,0,"Rejected"
"Broadleaf","Populus",24,929,387.9,2289.4,47.8,12.3,384.8,390.9,6.2,"5-10 kg.m-3",45.8,50.1,4.4,"0-5 kg.m-3",0,0,"Rejected"
"Conifer","Pinus nigra var. corsicana",25,844,498.6,4255.5,65.2,13.1,494.2,503,8.8,"5-10 kg.m-3",62.3,68.5,6.2,"5-10 kg.m-3",0.0249,0.1074,"Accepted"
"Broadleaf","Sorbus torminalis",26,841,648.6,1939.8,44,6.8,645.6,651.6,6,"5-10 kg.m-3",42,46.3,4.2,"0-5 kg.m-3",2e-04,0,"Rejected"
"Conifer","Pinus nigra",27,837,523.4,4227,65,12.4,519,527.8,8.8,"5-10 kg.m-3",62,68.3,6.2,"5-10 kg.m-3",5e-04,0.0014,"Rejected"
"Conifer","Pinus halepensis",28,771,538.9,2067.3,45.5,8.4,535.7,542.1,6.4,"5-10 kg.m-3",43.3,47.9,4.6,"0-5 kg.m-3",0,0,"Rejected"
"Broadleaf","Sorbus aria",29,710,641.2,2143,46.3,7.2,637.7,644.6,6.8,"5-10 kg.m-3",44,48.8,4.8,"0-5 kg.m-3",0,0,"Rejected"
"Broadleaf","Ulmus minor",30,630,622.7,3998.6,63.2,10.2,617.8,627.7,9.9,"5-10 kg.m-3",59.9,66.9,7,"5-10 kg.m-3",0.352,0.1963,"Accepted"
"Broadleaf","Tilia cordata",31,597,462.8,4215.8,64.9,14,457.5,468,10.4,"10-20 kg.m-3",61.4,68.8,7.4,"5-10 kg.m-3",0.0022,0.0123,"Accepted"
"Broadleaf","Tilia platyphyllos",32,513,461.5,4122.5,64.2,13.9,455.9,467.1,11.1,"10-20 kg.m-3",60.5,68.4,7.9,"5-10 kg.m-3",0,0,"Rejected"
"Broadleaf","Betula pubescens",33,465,536.7,2271.4,47.7,8.9,532.3,541,8.7,"5-10 kg.m-3",44.8,50.9,6.2,"5-10 kg.m-3",0.0718,0.0981,"Accepted"
"Conifer","Larix decidua",34,447,497.5,3704.7,60.9,12.2,491.9,503.2,11.3,"10-20 kg.m-3",57.1,65.1,8,"5-10 kg.m-3",0.0016,0.0051,"Accepted"
"Broadleaf","Ilex aquifolium",35,436,642.1,2567.2,50.7,7.9,637.4,646.9,9.5,"5-10 kg.m-3",47.5,54.3,6.8,"5-10 kg.m-3",0,0,"Rejected"
"Broadleaf","Quercus pyrenaica",36,380,665.5,4895.6,70,10.5,658.5,672.6,14.1,"10-20 kg.m-3",65.3,75.3,10,"5-10 kg.m-3",5e-04,9e-04,"Rejected"
"Broadleaf","Quercus rubra",37,340,655.2,3399.7,58.3,8.9,649,661.4,12.4,"10-20 kg.m-3",54.2,63.1,8.8,"5-10 kg.m-3",1e-04,0,"Rejected"
"Broadleaf","Salix cinerea",38,284,510.7,2806.7,53,10.4,504.5,516.9,12.4,"10-20 kg.m-3",49,57.7,8.8,"5-10 kg.m-3",0.1079,0.5853,"Accepted"
"Broadleaf","Acer opalus",39,278,628.6,2045,45.2,7.2,623.3,634,10.7,"10-20 kg.m-3",41.7,49.3,7.6,"5-10 kg.m-3",0.0184,0.018,"Accepted"
"Broadleaf","Acer monspessulanum",40,273,698.2,2048.3,45.3,6.5,692.8,703.6,10.8,"10-20 kg.m-3",41.8,49.4,7.7,"5-10 kg.m-3",0,0,"Rejected"
"Conifer","Picea sitchensis",41,241,401.5,1997.6,44.7,11.1,395.8,407.2,11.3,"10-20 kg.m-3",41,49.1,8.1,"5-10 kg.m-3",0.0219,0.0348,"Accepted"
"Broadleaf","Arbutus unedo",42,237,659.3,4406.1,66.4,10.1,650.8,667.8,17,"10-20 kg.m-3",60.9,73,12.1,"10-20 kg.m-3",0.001,0,"Rejected"
"Broadleaf","Quercus suber",43,237,743.4,20480,143.1,19.3,725.1,761.7,36.6,"20-50 kg.m-3",131.3,157.3,26,"20-50 kg.m-3",0,0,"Rejected"
"Broadleaf","Populus nigra",44,226,406.7,2194.7,46.8,11.5,400.6,412.9,12.3,"10-20 kg.m-3",42.9,51.6,8.7,"5-10 kg.m-3",0.0705,0.3987,"Accepted"
"Broadleaf","Salix alba",45,220,395.7,2923.9,54.1,13.7,388.5,402.9,14.4,"10-20 kg.m-3",49.4,59.7,10.2,"10-20 kg.m-3",0,0,"Rejected"
"Broadleaf","Sorbus aucuparia",46,210,539.1,1789.6,42.3,7.8,533.4,544.9,11.5,"10-20 kg.m-3",38.6,46.8,8.2,"5-10 kg.m-3",0,0,"Rejected"
"Broadleaf","Acer platanoides",47,206,570.5,2058.9,45.4,8,564.2,576.7,12.5,"10-20 kg.m-3",41.4,50.2,8.9,"5-10 kg.m-3",0.0758,0.0526,"Accepted"
"Broadleaf","Sambucus nigra",48,200,511.3,4533.8,67.3,13.2,502,520.7,18.8,"10-20 kg.m-3",61.3,74.7,13.3,"10-20 kg.m-3",0,0,"Rejected"
"Broadleaf","Malus sylvestris",49,160,608.2,1964.6,44.3,7.3,601.3,615.1,13.8,"10-20 kg.m-3",39.9,49.8,9.9,"5-10 kg.m-3",0.8116,0.8646,"Accepted"
"Conifer","Pinus mugo",50,158,425.1,2078.7,45.6,10.7,417.9,432.2,14.3,"10-20 kg.m-3",41.1,51.3,10.2,"10-20 kg.m-3",0,0,"Rejected"
"Broadleaf","Pyrus communis",51,143,618.7,3570.4,59.8,9.7,608.8,628.6,19.8,"10-20 kg.m-3",53.5,67.6,14.1,"10-20 kg.m-3",0.5018,0.6642,"Accepted"
"Broadleaf","Fraxinus angustifolia",52,133,626.3,3022.5,55,8.8,616.9,635.8,18.9,"10-20 kg.m-3",49.1,62.5,13.4,"10-20 kg.m-3",0.2211,0.6581,"Accepted"
"Conifer","Juniperus communis",53,132,484.3,2644.4,51.4,10.6,475.4,493.2,17.7,"10-20 kg.m-3",45.9,58.5,12.6,"10-20 kg.m-3",6e-04,0,"Rejected"
"Broadleaf","Salix atrocinerea",54,127,524.5,2010.6,44.8,8.5,516.6,532.3,15.7,"10-20 kg.m-3",39.9,51.2,11.2,"10-20 kg.m-3",0.0474,0.0857,"Accepted"
"Conifer","Juniperus oxycedrus",55,118,569.9,3936.4,62.7,11,558.5,581.4,22.9,"20-50 kg.m-3",55.6,72,16.3,"10-20 kg.m-3",0,0,"Rejected"
"Broadleaf","Prunus spinosa",56,118,657.5,3853.9,62.1,9.4,646.2,668.9,22.6,"20-50 kg.m-3",55,71.2,16.2,"10-20 kg.m-3",1e-04,0,"Rejected"
"Conifer","Abies grandis",57,106,399.8,2149.7,46.4,11.6,390.9,408.7,17.9,"10-20 kg.m-3",40.9,53.6,12.8,"10-20 kg.m-3",0.0111,0.0131,"Accepted"
"Conifer","Cedrus atlantica",58,98,486.2,1118,33.4,6.9,479.4,492.9,13.4,"10-20 kg.m-3",29.3,38.9,9.6,"5-10 kg.m-3",0.7588,0.853,"Accepted"
"Broadleaf","Populus x canescens",59,97,453.7,3406.6,58.4,12.9,441.9,465.4,23.5,"20-50 kg.m-3",51.1,68,16.8,"10-20 kg.m-3",0.2864,0.034,"Accepted"
"Conifer","Larix kaempferi",60,90,491.6,5764.4,75.9,15.4,475.7,507.5,31.8,"20-50 kg.m-3",66.2,89,22.8,"20-50 kg.m-3",0.6041,0.5158,"Accepted"
"Broadleaf","Phillyrea latifolia",61,85,710.8,4465.7,66.8,9.4,696.4,725.2,28.8,"20-50 kg.m-3",58.1,78.7,20.6,"20-50 kg.m-3",0.8015,0.6593,"Accepted"
"Broadleaf","Sorbus domestica",62,80,680.3,1793.3,42.3,6.2,670.9,689.7,18.8,"10-20 kg.m-3",36.6,50.2,13.5,"10-20 kg.m-3",0.3566,0.3056,"Accepted"
"Broadleaf","Ulmus glabra",63,77,583.3,2918.9,54,9.3,571,595.6,24.5,"20-50 kg.m-3",46.6,64.2,17.6,"10-20 kg.m-3",4e-04,0,"Rejected"
"Broadleaf","Juglans regia",64,75,540.1,3012.3,54.9,10.2,527.5,552.7,25.3,"20-50 kg.m-3",47.3,65.4,18.1,"10-20 kg.m-3",0.1662,0.1264,"Accepted"
"Broadleaf","Buxus sempervirens",65,74,711.2,9094.8,95.4,13.4,689.1,733.3,44.2,"20-50 kg.m-3",82.1,113.8,31.7,"20-50 kg.m-3",0,0,"Rejected"
"Conifer","Pinus strobus",66,65,377.2,1816.1,42.6,11.3,366.7,387.8,21.1,"20-50 kg.m-3",36.3,51.5,15.2,"10-20 kg.m-3",0.9486,0.9062,"Accepted"
"Broadleaf","Prunus mahaleb",67,59,669.3,6941.6,83.3,12.4,647.6,691.1,43.4,"20-50 kg.m-3",70.5,101.8,31.3,"20-50 kg.m-3",0,0,"Rejected"
"Broadleaf","Fraxinus ornus",68,58,644.6,2852.7,53.4,8.3,630.5,658.6,28.1,"20-50 kg.m-3",45.2,65.4,20.2,"20-50 kg.m-3",0.2142,0.0203,"Accepted"
"Conifer","Pinus pinea",69,52,483.4,2278.9,47.7,9.9,470.1,496.7,26.6,"20-50 kg.m-3",40,59.2,19.2,"10-20 kg.m-3",0.1347,0.1553,"Accepted"
"Broadleaf","Salix fragilis",70,50,425.4,6819.1,82.6,19.4,401.9,448.8,46.9,"20-50 kg.m-3",69,102.9,33.9,"20-50 kg.m-3",0,0,"Rejected"
"Broadleaf","Ostrya carpinifolia",71,44,634.4,1356.7,36.8,5.8,623.2,645.6,22.4,"20-50 kg.m-3",30.4,46.7,16.2,"10-20 kg.m-3",0.8671,0.754,"Accepted"
"Broadleaf","Populus alba",72,43,482.6,3485.7,59,12.2,464.4,500.7,36.3,"20-50 kg.m-3",48.7,75,26.4,"20-50 kg.m-3",0.7793,0.8216,"Accepted"
"Broadleaf","Cornus mas",73,42,696.1,3301.2,57.5,8.3,678.2,714,35.8,"20-50 kg.m-3",47.3,73.3,26,"20-50 kg.m-3",0.1545,0.5709,"Accepted"
"Broadleaf","Prunus domestica",74,41,672.7,2958.2,54.4,8.1,655.5,689.9,34.3,"20-50 kg.m-3",44.7,69.6,24.9,"20-50 kg.m-3",0.0021,1e-04,"Rejected"
"Broadleaf","Quercus cerris",75,41,723,4045.1,63.6,8.8,703,743.1,40.1,"20-50 kg.m-3",52.2,81.4,29.2,"20-50 kg.m-3",0.5295,0.714,"Accepted"
"Broadleaf","Prunus padus",76,38,535.6,2691.5,51.9,9.7,518.6,552.7,34.1,"20-50 kg.m-3",42.3,67.1,24.8,"20-50 kg.m-3",0.9056,0.8767,"Accepted"
"Conifer","Taxus baccata",77,38,587.4,3348.4,57.9,9.9,568.4,606.5,38,"20-50 kg.m-3",47.2,74.9,27.7,"20-50 kg.m-3",0.7875,0.5818,"Accepted"
"Broadleaf","Erica arborea",78,37,665.1,6121.9,78.2,11.8,639,691.1,52.2,"> 50 kg.m3",63.6,101.6,38,"20-50 kg.m-3",0.5183,0.8108,"Accepted"
"Broadleaf","Acer negundo",79,36,455.8,1571.5,39.6,8.7,442.4,469.2,26.8,"20-50 kg.m-3",32.2,51.7,19.6,"10-20 kg.m-3",0.1356,0.3995,"Accepted"
"Broadleaf","Laburnum anagyroides",80,36,611.8,4300.6,65.6,10.7,589.6,634,44.4,"20-50 kg.m-3",53.2,85.5,32.4,"20-50 kg.m-3",0.2014,0.2934,"Accepted"
"Broadleaf","Euonymus europaeus",81,33,483,2606.7,51.1,10.6,464.9,501.1,36.2,"20-50 kg.m-3",41.1,67.5,26.5,"20-50 kg.m-3",2e-04,0,"Rejected"
"Broadleaf","Olea europaea",82,29,786.2,6447,80.3,10.2,755.6,816.7,61.1,"> 50 kg.m3",63.7,108.6,44.9,"20-50 kg.m-3",0.8816,0.9067,"Accepted"
"Broadleaf","Frangula alnus",83,28,533,3955,62.9,11.8,508.6,557.4,48.8,"20-50 kg.m-3",49.7,85.6,35.9,"20-50 kg.m-3",0.9953,0.8513,"Accepted"
"Broadleaf","Rhamnus cathartica",84,28,649,3404,58.3,9,626.4,671.6,45.2,"20-50 kg.m-3",46.1,79.4,33.3,"20-50 kg.m-3",0.1936,0.6315,"Accepted"
"Broadleaf","Laurus nobilis",85,27,540.1,2568.7,50.7,9.4,520.1,560.2,40.1,"20-50 kg.m-3",39.9,69.5,29.5,"20-50 kg.m-3",0.1166,0.4208,"Accepted"
"Conifer","Pinus cembra",86,25,376.4,3857,62.1,16.5,350.8,402,51.3,"> 50 kg.m3",48.5,86.4,37.9,"20-50 kg.m-3",0,0,"Rejected"
"Broadleaf","Aesculus hippocastanum",87,23,472.9,1568.4,39.6,8.4,455.8,490,34.3,"20-50 kg.m-3",30.6,56.1,25.4,"20-50 kg.m-3",0.6436,0.9011,"Accepted"
"Broadleaf","Alnus cordata",88,23,509.7,3987.7,63.1,12.4,482.3,537,54.6,"> 50 kg.m3",48.8,89.4,40.5,"20-50 kg.m-3",0.2024,0.3024,"Accepted"
"Conifer","Pinus radiata",89,21,472,1218.2,34.9,7.4,456.1,487.8,31.8,"20-50 kg.m-3",26.7,50.4,23.7,"20-50 kg.m-3",0.8266,0.868,"Accepted"
"Broadleaf","Alnus incana",90,20,415.1,1055,32.5,7.8,399.9,430.4,30.4,"20-50 kg.m-3",24.7,47.4,22.7,"20-50 kg.m-3",0.657,0.4282,"Accepted"
"Broadleaf","Cornus sanguinea",91,19,623.6,2894.1,53.8,8.6,597.6,649.5,51.9,"> 50 kg.m3",40.6,79.6,38.9,"20-50 kg.m-3",0.1594,0.0726,"Accepted"
"Broadleaf","Platanus occidentalis",92,16,572.6,3123.3,55.9,9.8,542.8,602.3,59.6,"> 50 kg.m3",41.3,86.5,45.2,"20-50 kg.m-3",0.0877,0.4581,"Accepted"
"Broadleaf","Prunus serotina",93,16,554.1,3239.8,56.9,10.3,523.7,584.4,60.7,"> 50 kg.m3",42,88.1,46,"20-50 kg.m-3",0.1769,0.4086,"Accepted"
"Conifer","Pinus taeda",94,15,371.9,1824.3,42.7,11.5,348.2,395.5,47.3,"20-50 kg.m-3",31.3,67.4,36.1,"20-50 kg.m-3",0.2591,0.585,"Accepted"
"Broadleaf","Platanus x hispanica",95,14,529.8,5328,73,13.8,487.6,571.9,84.3,"> 50 kg.m3",52.9,117.6,64.7,"> 50 kg.m3",0.4811,0.601,"Accepted"
"Conifer","Thuja plicata",96,13,411,7346.3,85.7,20.9,359.2,462.8,103.6,"> 50 kg.m3",61.5,141.5,80,"> 50 kg.m3",0.3854,0.657,"Accepted"
"Conifer","Chamaecyparis lawsoniana",97,12,398.8,3980.7,63.1,15.8,358.7,438.9,80.2,"> 50 kg.m3",44.7,107.1,62.4,"> 50 kg.m3",0.0044,0.002,"Accepted"
"Broadleaf","Crataegus laevigata",98,11,641.8,1192.2,34.5,5.4,618.6,665,46.4,"20-50 kg.m-3",24.1,60.6,36.5,"20-50 kg.m-3",0.1275,0.5402,"Accepted"
"Broadleaf","Juglans nigra",99,11,574.9,1766.9,42,7.3,546.7,603.1,56.5,"> 50 kg.m3",29.4,73.8,44.4,"20-50 kg.m-3",0.3332,0.5863,"Accepted"
"Conifer","Juniperus phenicie",100,11,538.2,11949.6,109.3,20.3,464.7,611.6,146.9,"> 50 kg.m3",76.4,191.8,115.5,"> 50 kg.m3",0.1308,0.3821,"Accepted"
"Broadleaf","Prunus cerasus",101,11,573.6,1738.9,41.7,7.3,545.6,601.7,56,"> 50 kg.m3",29.1,73.2,44,"20-50 kg.m-3",0.9467,0.8262,"Accepted"
"Broadleaf","Ulmus laevis",102,11,576.7,2693.2,51.9,9,541.9,611.6,69.7,"> 50 kg.m3",36.3,91.1,54.8,"> 50 kg.m3",0.152,0.5269,"Accepted"
"Broadleaf","Ficus carica",103,10,563.9,5409.9,73.6,13,511.3,616.5,105.2,"> 50 kg.m3",50.6,134.3,83.7,"> 50 kg.m3",0.0509,0.4682,"Accepted"
"Conifer","Pinus brutia",104,10,488.1,1394.8,37.3,7.7,461.4,514.8,53.4,"> 50 kg.m3",25.7,68.2,42.5,"20-50 kg.m-3",0.1839,0.5912,"Accepted"
"Broadleaf","Prunus laurocerasus",105,10,569.6,6064.9,77.9,13.7,513.9,625.3,111.4,"> 50 kg.m3",53.6,142.2,88.6,"> 50 kg.m3",0.0127,0.0623,"Accepted"
"Conifer","Abies nordmanniana",106,9,412.9,NA,NA,NA,NA,NA,NA,NA,NA,NA,NA,NA,NA,NA,NA
"Conifer","Tsuga heterophylla",107,8,384.4,NA,NA,NA,NA,NA,NA,NA,NA,NA,NA,NA,NA,NA,NA
"Broadleaf","Malus domestica",108,7,584.7,NA,NA,NA,NA,NA,NA,NA,NA,NA,NA,NA,NA,NA,NA
"Conifer","Pinus nigra subsp. salzmannii",109,7,498,NA,NA,NA,NA,NA,NA,NA,NA,NA,NA,NA,NA,NA,NA
"Broadleaf","Rhamnus alaternus",110,7,701.6,NA,NA,NA,NA,NA,NA,NA,NA,NA,NA,NA,NA,NA,NA
"Conifer","Larix x marschlinsii",111,6,458.2,NA,NA,NA,NA,NA,NA,NA,NA,NA,NA,NA,NA,NA,NA
"Broadleaf","Mespilus germanica",112,6,704.2,NA,NA,NA,NA,NA,NA,NA,NA,NA,NA,NA,NA,NA,NA
"Broadleaf","Pistacia terebinthus",113,6,680.3,NA,NA,NA,NA,NA,NA,NA,NA,NA,NA,NA,NA,NA,NA
"Broadleaf","Sorbus mougeotii",114,6,585.5,NA,NA,NA,NA,NA,NA,NA,NA,NA,NA,NA,NA,NA,NA
"Broadleaf","Celtis australis",115,5,627.6,NA,NA,NA,NA,NA,NA,NA,NA,NA,NA,NA,NA,NA,NA
"Broadleaf","Prunus cerasifera",116,5,698.8,NA,NA,NA,NA,NA,NA,NA,NA,NA,NA,NA,NA,NA,NA
"Broadleaf","Pyrus spinosa",117,5,631.2,NA,NA,NA,NA,NA,NA,NA,NA,NA,NA,NA,NA,NA,NA
"Broadleaf","Quercus palustris",118,5,689.2,NA,NA,NA,NA,NA,NA,NA,NA,NA,NA,NA,NA,NA,NA
"Broadleaf","Salix nigricans",119,5,471,NA,NA,NA,NA,NA,NA,NA,NA,NA,NA,NA,NA,NA,NA
"Conifer","Abies concolor",120,4,373.8,NA,NA,NA,NA,NA,NA,NA,NA,NA,NA,NA,NA,NA,NA
"Broadleaf","Ailanthus altissima",121,4,552.2,NA,NA,NA,NA,NA,NA,NA,NA,NA,NA,NA,NA,NA,NA
"Broadleaf","Alnus alnobetula",122,4,545,NA,NA,NA,NA,NA,NA,NA,NA,NA,NA,NA,NA,NA,NA
"Conifer","Cupressus sempervirens",123,4,527.2,NA,NA,NA,NA,NA,NA,NA,NA,NA,NA,NA,NA,NA,NA
"Broadleaf","Pistacia lentiscus",124,4,638.2,NA,NA,NA,NA,NA,NA,NA,NA,NA,NA,NA,NA,NA,NA
"Broadleaf","Prunus dulcis",125,4,834,NA,NA,NA,NA,NA,NA,NA,NA,NA,NA,NA,NA,NA,NA
"Broadleaf","Rhamnus alpina",126,4,592.8,NA,NA,NA,NA,NA,NA,NA,NA,NA,NA,NA,NA,NA,NA
"Broadleaf","Salix aurita",127,4,541.5,NA,NA,NA,NA,NA,NA,NA,NA,NA,NA,NA,NA,NA,NA
"Broadleaf","Sorbus latifolia",128,4,529,NA,NA,NA,NA,NA,NA,NA,NA,NA,NA,NA,NA,NA,NA
"Broadleaf","Cotinus coggygria",129,3,490.7,NA,NA,NA,NA,NA,NA,NA,NA,NA,NA,NA,NA,NA,NA
"Conifer","Pinus nigra var. calabrica",130,3,488.3,NA,NA,NA,NA,NA,NA,NA,NA,NA,NA,NA,NA,NA,NA
"Broadleaf","Pyrus cordata",131,3,587.7,NA,NA,NA,NA,NA,NA,NA,NA,NA,NA,NA,NA,NA,NA
"Broadleaf","Sambucus racemosa",132,3,462.7,NA,NA,NA,NA,NA,NA,NA,NA,NA,NA,NA,NA,NA,NA
"Conifer","Cupressus macrocarpa",133,2,533,NA,NA,NA,NA,NA,NA,NA,NA,NA,NA,NA,NA,NA,NA
"Broadleaf","Laburnum alpinum",134,2,549,NA,NA,NA,NA,NA,NA,NA,NA,NA,NA,NA,NA,NA,NA
"Broadleaf","Liquidambar styraciflua",135,2,429,NA,NA,NA,NA,NA,NA,NA,NA,NA,NA,NA,NA,NA,NA
"Broadleaf","Liriodendron tulipifera",136,2,440,NA,NA,NA,NA,NA,NA,NA,NA,NA,NA,NA,NA,NA,NA
"Broadleaf","Phillyrea angustifolia",137,2,621.5,NA,NA,NA,NA,NA,NA,NA,NA,NA,NA,NA,NA,NA,NA
"Conifer","Abies procera",138,1,376,NA,NA,NA,NA,NA,NA,NA,NA,NA,NA,NA,NA,NA,NA
"Conifer","Cedrus libani",139,1,524,NA,NA,NA,NA,NA,NA,NA,NA,NA,NA,NA,NA,NA,NA
"Broadleaf","Cercis siliquastrum",140,1,527,NA,NA,NA,NA,NA,NA,NA,NA,NA,NA,NA,NA,NA,NA
"Conifer","Cupressus arizonica",141,1,475,NA,NA,NA,NA,NA,NA,NA,NA,NA,NA,NA,NA,NA,NA
"Conifer","Cupressus x leylandii",142,1,529,NA,NA,NA,NA,NA,NA,NA,NA,NA,NA,NA,NA,NA,NA
"Broadleaf","Eucalyptus",143,1,748,NA,NA,NA,NA,NA,NA,NA,NA,NA,NA,NA,NA,NA,NA
"Conifer","Juniperus thurifera",144,1,454,NA,NA,NA,NA,NA,NA,NA,NA,NA,NA,NA,NA,NA,NA
"Broadleaf","Malus insitio",145,1,553,NA,NA,NA,NA,NA,NA,NA,NA,NA,NA,NA,NA,NA,NA
"Broadleaf","Morus nigra",146,1,662,NA,NA,NA,NA,NA,NA,NA,NA,NA,NA,NA,NA,NA,NA
"Broadleaf","Paulownia tomentosa",147,1,298,NA,NA,NA,NA,NA,NA,NA,NA,NA,NA,NA,NA,NA,NA
"Conifer","Picea engelmannii",148,1,433,NA,NA,NA,NA,NA,NA,NA,NA,NA,NA,NA,NA,NA,NA
"Broadleaf","Populus nigra var. italica",149,1,388,NA,NA,NA,NA,NA,NA,NA,NA,NA,NA,NA,NA,NA,NA
"Broadleaf","Salix daphnoides",150,1,512,NA,NA,NA,NA,NA,NA,NA,NA,NA,NA,NA,NA,NA,NA
"Broadleaf","Salix eleagnos",151,1,528,NA,NA,NA,NA,NA,NA,NA,NA,NA,NA,NA,NA,NA,NA
"Broadleaf","Salix pentandra",152,1,408,NA,NA,NA,NA,NA,NA,NA,NA,NA,NA,NA,NA,NA,NA
"Broadleaf","Salix triandra",153,1,433,NA,NA,NA,NA,NA,NA,NA,NA,NA,NA,NA,NA,NA,NA
"Broadleaf","Salix x rubens",154,1,582,NA,NA,NA,NA,NA,NA,NA,NA,NA,NA,NA,NA,NA,NA
"Conifer","Taxodium distichum",155,1,318,NA,NA,NA,NA,NA,NA,NA,NA,NA,NA,NA,NA,NA,NA
"Broadleaf","Vachellia farnesiana",156,1,518,NA,NA,NA,NA,NA,NA,NA,NA,NA,NA,NA,NA,NA,NA
